{"options":{},"indexes":[{"v":{"$numberInt":"2"},"key":{"_id":{"$numberInt":"1"}},"name":"_id_","ns":"moodal_app.users"},{"v":{"$numberInt":"2"},"unique":true,"key":{"ContactNumber":{"$numberInt":"1"}},"name":"ContactNumber_1","ns":"moodal_app.users","background":true},{"v":{"$numberInt":"2"},"unique":true,"key":{"EmailID":{"$numberInt":"1"}},"name":"EmailID_1","ns":"moodal_app.users","background":true},{"v":{"$numberInt":"2"},"unique":true,"key":{"UserID":{"$numberInt":"1"}},"name":"UserID_1","ns":"moodal_app.users","background":true}],"uuid":"3304bd673afa4cc2baf9a73173730b3e"}